ParcelID,FName,LName,PhoneNumber,Street,City,Province,SignedBy
1400,Ibrar,Ahmed,0333-5654192,"House34,Street 23,Satellite Town",Rawalpindi,Punjab,Ahmed
1401,Ali,Hamza,0331-5654193,26-Soekarno Square Opp.Karachi Mkt.Khyber Bazar,Chitral,Khyber Pakhtunkhwa,Ali
1402,Hamza,Khalid,0343-5654194,9954 El Dorado Lane ,Quetta,Balochistan,Hamza
1403,Ayesha,Ateeq,0335-5654195,Tehkal Bala Road,Pehawar,Khyber Pakhtunkhwa,Zahid
1404,Zahra,Akhtar,0336-5654196,"Ist Flr. Ghulam Rasool Plaza, Fazal-E-Haq Road",Islamabad,Punjab,Zahra
1405,Amna,Zafar,0346-5654197,National Hotel,Islamabad,Punjab,Amna
1406,Talha,Muneer,0340-5654198,"House14,Street 25,Iqbal Town",Rawalpindi,Punjab,Talha
1407,Sara,Ashraf,0344-5654199,"House31,Street 12,G7/2",Islamabad,Punjab,Sara
1408,Sana,Syed,0320-5654200,"41/A,Empress Road",Multan,Punjab,Sana
1409,Sara,Rabani,0321-5654201,"Street 34,OH 45140",Hyderabad,Sindh,Sara
1410,Zahid,Iqbal,0395-6482168,"Selden, NY 11784",Rawalpindi,Punjab,Zahid
1411,Haysam,Chaudary,0331-4849207,88 Schoolhouse Court ,Gujrat,Punjab,Haysam
1412,Muzamil,Sethar,0306-0705673,"Great Falls, MT 59404",Karachi,Sindh,Muzamil
1413,Akash,Ali,0384-9265774,9037 E. Clay Street ,Mirpur,Azad Kashmir,Akash
1414,Ali,Naqi,0357-9830223,"Wasilla, AK 99654",Quetta,Balochistan,Ali
